client_id,full_name,email
C001,Zahraa Ahmed,zahraa.ahmed@gmail.com
C002,Fatima Ali,fatima.ali@gmail.com
C003,Mariam Saleh,mariam.saleh@gmail.com
C004,Noor Hassan,noor.hassan@gmail.com
C005,Alya Saad,alya.saad@gmail.com
C006,Rana Khalid,rana.khalid@gmail.com
C007,Sara Nabil,sara.nabil@gmail.com
C008,Lina Hadi,lina.hadi@gmail.com
C009,Dana Abbas,dana.abbas@gmail.com
C010,Huda Jassim,huda.jassim@gmail.com
C011,Layla Hasan,layla.hasan@gmail.com
C012,Ruqaya Mahdi,ruqaya.mahdi@gmail.com
C013,Reem Fadel,reem.fadel@gmail.com
C014,Aya Salman,aya.salman@gmail.com
C015,Nisreen Tariq,nisreen.tariq@gmail.com
C016,Nour Rami,nour.rami@gmail.com
C017,Saja Kareem,saja.kareem@gmail.com
C018,Shahed Adel,shahed.adel@gmail.com
C019,Wijdan Hameed,wijdan.hameed@gmail.com
C020,Bushra Sami,bushra.sami@gmail.com
C021,Salma Majeed,salma.majeed@gmail.com
C022,Nibras Raad,nibras.raad@gmail.com
C023,Mona Talib,mona.talib@gmail.com
C024,Amal Khalaf,amal.khalaf@gmail.com
C025,Hind Farhan,hind.farhan@gmail.com
C026,Nadia Dheyab,nadia.dheyab@gmail.com
C027,Iman Shaker,iman.shaker@gmail.com
C028,Dalya Qassim,dalya.qassim@gmail.com
C029,Raghad Obaid,raghad.obaid@gmail.com
C030,Mays Hatem,mays.hatem@gmail.com
C031,Jumana Khaled,jumana.khaled@gmail.com
C032,Yasmin Saleh,yasmin.saleh@gmail.com
C033,Tiba Nouri,tiba.nouri@gmail.com
C034,Batool Ali,batool.ali@gmail.com
C035,Razan Mahmoud,razan.mahmoud@gmail.com
C036,Rowan Qasim,rowan.qasim@gmail.com
C037,Haifa Sadiq,haifa.sadiq@gmail.com
C038,Doaa Saeed,doaa.saeed@gmail.com
C039,Amani Sabah,amani.sabah@gmail.com
C040,Lama Nabeel,lama.nabeel@gmail.com
C041,Ranya Kareem,ranya.kareem@gmail.com
C042,Jana Waleed,jana.waleed@gmail.com
C043,Manar Jasim,manar.jasim@gmail.com
C044,Lubna Omar,lubna.omar@gmail.com
C045,Malak Riad,malak.riad@gmail.com
C046,Haneen Sami,haneen.sami@gmail.com
C047,Areej Hayder,areej.hayder@gmail.com
C048,Nada Raad,nada.raad@gmail.com
C049,Maisoon Hadi,maisoon.hadi@gmail.com
C050,Tamara Jasim,tamara.jasim@gmail.com
